[
null,
{"id":1,"expanded":true,"name":"Start","order":1,"parentId":0,"scrollX":832,"scrollY":640},
{"id":2,"expanded":false,"name":"Anger-Prototype","order":2,"parentId":0,"scrollX":659,"scrollY":369},
{"id":3,"expanded":false,"name":"Bargaining-Prototype","order":4,"parentId":0,"scrollX":595.6363636363636,"scrollY":324},
{"id":4,"expanded":false,"name":"Depression-Prototype","order":5,"parentId":0,"scrollX":459,"scrollY":312.5},
{"id":5,"expanded":false,"name":"VoiceActing-Prototype","order":6,"parentId":0,"scrollX":459,"scrollY":312.5},
{"id":6,"expanded":false,"name":"Animation-Prototype","order":7,"parentId":0,"scrollX":459,"scrollY":312.5},
{"id":7,"expanded":false,"name":"CutScene-Prototype","order":8,"parentId":0,"scrollX":728,"scrollY":396},
{"id":8,"expanded":false,"name":"CutScene1","order":11,"parentId":0,"scrollX":459,"scrollY":312.5},
{"id":9,"expanded":false,"name":"Cutscene2","order":12,"parentId":0,"scrollX":459,"scrollY":312.5},
{"id":10,"expanded":true,"name":"Denial","order":13,"parentId":0,"scrollX":459,"scrollY":312.5},
{"id":11,"expanded":true,"name":"Anger","order":17,"parentId":0,"scrollX":832,"scrollY":640},
{"id":12,"expanded":false,"name":"Bargaining","order":21,"parentId":0,"scrollX":459,"scrollY":312.5},
{"id":13,"expanded":false,"name":"Depression","order":22,"parentId":0,"scrollX":459,"scrollY":312.5},
{"id":14,"expanded":false,"name":"Acceptance","order":23,"parentId":0,"scrollX":459,"scrollY":312.5},
{"id":15,"expanded":false,"name":"Tollbooth","order":24,"parentId":0,"scrollX":728,"scrollY":396},
{"id":16,"expanded":false,"name":"PathToLevel1","order":25,"parentId":0,"scrollX":585.7777777777778,"scrollY":331.55555555555554},
{"id":17,"expanded":false,"name":"PathToLevel2","order":26,"parentId":0,"scrollX":659,"scrollY":373},
{"id":18,"expanded":false,"name":"PathToLevel3","order":27,"parentId":0,"scrollX":459,"scrollY":312.5},
{"id":19,"expanded":false,"name":"PathToLevel4","order":28,"parentId":0,"scrollX":459,"scrollY":312.5},
{"id":20,"expanded":false,"name":"PathToLevel5","order":29,"parentId":0,"scrollX":459,"scrollY":312.5},
{"id":21,"expanded":false,"name":"Summit","order":30,"parentId":0,"scrollX":459,"scrollY":312.5},
{"id":22,"expanded":true,"name":"Denial-Prototype","order":31,"parentId":0,"scrollX":832,"scrollY":640},
{"id":23,"expanded":true,"name":"Frame2","order":9,"parentId":7,"scrollX":832,"scrollY":640},
{"id":24,"expanded":false,"name":"Frame3","order":10,"parentId":7,"scrollX":832,"scrollY":640},
{"id":25,"expanded":false,"name":"Restart","order":32,"parentId":22,"scrollX":832,"scrollY":640},
{"id":26,"expanded":false,"name":"restart","order":3,"parentId":2,"scrollX":832,"scrollY":640},
{"id":27,"expanded":false,"name":"Denial-Puzzle2","order":14,"parentId":10,"scrollX":0,"scrollY":0},
{"id":28,"expanded":false,"name":"Denial-Puzzle3","order":15,"parentId":10,"scrollX":0,"scrollY":0},
{"id":29,"expanded":false,"name":"Anger-Puzzle2","order":18,"parentId":11,"scrollX":728,"scrollY":396},
{"id":30,"expanded":false,"name":"Anger-Puzzle3","order":19,"parentId":11,"scrollX":595.6363636363636,"scrollY":324},
{"id":31,"expanded":false,"name":"Restart","order":16,"parentId":10,"scrollX":0,"scrollY":0},
{"id":32,"expanded":false,"name":"Restart","order":20,"parentId":11,"scrollX":832,"scrollY":640}
]