[
null,
{"id":1,"list":[{"code":111,"indent":0,"parameters":[11,"cancel"]},{"code":201,"indent":1,"parameters":[0,26,0,12,6,0]},{"code":0,"indent":1,"parameters":[]},{"code":412,"indent":0,"parameters":[]},{"code":0,"indent":0,"parameters":[]}],"name":"","switchId":1,"trigger":0},
{"id":2,"list":[{"code":122,"indent":0,"parameters":[10,10,0,3,5,0,0]},{"code":122,"indent":0,"parameters":[11,11,0,3,5,0,1]},{"code":205,"indent":0,"parameters":[0,{"list":[{"code":11,"indent":null},{"code":0}],"repeat":false,"skippable":true,"wait":false}]},{"code":505,"indent":0,"parameters":[{"code":11,"indent":null}]},{"code":230,"indent":0,"parameters":[1]},{"code":122,"indent":0,"parameters":[12,12,0,3,5,0,0]},{"code":122,"indent":0,"parameters":[13,13,0,3,5,0,1]},{"code":111,"indent":0,"parameters":[1,10,1,12,0]},{"code":111,"indent":1,"parameters":[1,11,1,13,0]},{"code":115,"indent":2,"parameters":[]},{"code":0,"indent":2,"parameters":[]},{"code":412,"indent":1,"parameters":[]},{"code":0,"indent":1,"parameters":[]},{"code":412,"indent":0,"parameters":[]},{"code":355,"indent":0,"parameters":["var ran = [\"grass5\",\"grass2\",\"grass3\",\"grass4\"][~~(Math.random()*4)];"]},{"code":655,"indent":0,"parameters":["AudioManager.playSe({name: `${ran}`, pan: 0, pitch: 100, volume: 70});"]},{"code":0,"indent":0,"parameters":[]}],"name":"PushBoulder","switchId":1,"trigger":0},
{"id":3,"list":[{"code":0,"indent":0,"parameters":[]}],"name":"","switchId":1,"trigger":0},
{"id":4,"list":[{"code":0,"indent":0,"parameters":[]}],"name":"","switchId":1,"trigger":0}
]