[
null,
{"id":1,"battlerName":"","characterIndex":0,"characterName":"zee_spritesheet","classId":1,"equips":[],"faceIndex":0,"faceName":"zee_face","traits":[],"initialLevel":1,"maxLevel":1,"name":"Zee","nickname":"zee","note":"","profile":""},
{"id":2,"battlerName":"","characterIndex":0,"characterName":"","classId":2,"equips":[],"faceIndex":0,"faceName":"","traits":[],"initialLevel":1,"maxLevel":1,"name":"Spirit of the Mountain","nickname":"spirit","note":"","profile":""},
{"id":3,"battlerName":"","characterIndex":3,"characterName":"Actor2","classId":1,"equips":[0,0,0,0,0],"faceIndex":0,"faceName":"","traits":[],"initialLevel":1,"maxLevel":99,"name":"TourGuide","nickname":"","note":"","profile":""}
]